mode,arrival_count,fraction,percentage
4v4,6480584,0.618462023555172,61.8462023555172
3v3,2239140,0.21368800333786703,21.3688003337867
2v2,1758824,0.167849973106961,16.784997310696102
